ruta,tipo_recurso,bloque,formato,paginas,preguntas,respuestas,explicaciones,fuente_normativa,fecha_revision,estado,incidencia,bytes,sha256
00 FUENTES Y MATRIZ.md,metadatos y fuentes,fuentes y auditoria,md,not_found,not_applicable,not_applicable,not_applicable,00 FUENTES Y MATRIZ.md; verify official BORM/SMS,2026-08-13,internal,not educational content,7687,5d2e3f6a92f648a6754ddddaf6bce06c915bc36a02991459dff8510a577d3228
01 TEMAS/COMUN/T01_constitucion_y_estatuto_de_autonomia_de_murcia/T01_resumen.docx,resumen,comun:T01,docx,7,not_applicable,not_applicable,not_applicable,00 FUENTES Y MATRIZ.md; verify official BORM/SMS,2026-08-13,needs_review,E-002 legal review,112948,cfc133b1fc0f4f93f42a48cfe350ae88193e4290510ec655d7a3f4eff6df793d
01 TEMAS/COMUN/T01_constitucion_y_estatuto_de_autonomia_de_murcia/T01_resumen.pdf,resumen,comun:T01,pdf,7,not_applicable,not_applicable,not_applicable,00 FUENTES Y MATRIZ.md; verify official BORM/SMS,2026-08-13,needs_review,E-002 legal review,93879,dcf98a44341607f5cb90f45cc3eafc0d2c4c2222a8836e563e54915018e76c11
01 TEMAS/COMUN/T01_constitucion_y_estatuto_de_autonomia_de_murcia/T01_tema_completo.docx,tema completo,comun:T01,docx,16,not_applicable,not_applicable,not_applicable,00 FUENTES Y MATRIZ.md; verify official BORM/SMS,2026-08-13,needs_review,E-002 legal review,118635,d52ec717a5b4732ec229fb3eb7b106ef821d12489635a91a795cd60d90be1dd0
01 TEMAS/COMUN/T01_constitucion_y_estatuto_de_autonomia_de_murcia/T01_tema_completo.pdf,tema completo,comun:T01,pdf,16,not_applicable,not_applicable,not_applicable,00 FUENTES Y MATRIZ.md; verify official BORM/SMS,2026-08-13,needs_review,E-002 legal review,118558,39757ec4f3c9b4f25ed885fa083a89409334d37660b11e8ac14880358d73c59a
01 TEMAS/COMUN/T01_constitucion_y_estatuto_de_autonomia_de_murcia/T01_test_50_preguntas.docx,test tematico,comun:T01,docx,10,50,yes,yes,00 FUENTES Y MATRIZ.md; verify official BORM/SMS,2026-08-13,needs_review,E-001 repeated stems; E-002 legal review,118331,250aa6476bb04404abdaa35b0c37005451dc00bedee517208afceaf4a366d388
01 TEMAS/COMUN/T01_constitucion_y_estatuto_de_autonomia_de_murcia/T01_test_50_preguntas.pdf,test tematico,comun:T01,pdf,10,50,yes,yes,00 FUENTES Y MATRIZ.md; verify official BORM/SMS,2026-08-13,needs_review,E-001 repeated stems; E-002 legal review,111734,7457f59d8111209692ef08213baf958bd0ab41c092ed1d5e18dd76c11089af84
01 TEMAS/COMUN/T02_sistema_sanitario_mapa_sanitario_y_servicio_murciano_de_salud/T02_resumen.docx,resumen,comun:T02,docx,7,not_applicable,not_applicable,not_applicable,00 FUENTES Y MATRIZ.md; verify official BORM/SMS,2026-08-13,needs_review,E-002 legal review,112960,ace45b510d47acda9b2721065cdada189f610ef31bad8d3f2a91b30d0f3d7a6f
01 TEMAS/COMUN/T02_sistema_sanitario_mapa_sanitario_y_servicio_murciano_de_salud/T02_resumen.pdf,resumen,comun:T02,pdf,7,not_applicable,not_applicable,not_applicable,00 FUENTES Y MATRIZ.md; verify official BORM/SMS,2026-08-13,needs_review,E-002 legal review,93986,2c4b80d08fe679dc27ddc0d0733d7d2d805c8774ddabc0826f6bd8572bf81df3
01 TEMAS/COMUN/T02_sistema_sanitario_mapa_sanitario_y_servicio_murciano_de_salud/T02_tema_completo.docx,tema completo,comun:T02,docx,16,not_applicable,not_applicable,not_applicable,00 FUENTES Y MATRIZ.md; verify official BORM/SMS,2026-08-13,needs_review,E-002 legal review,118804,a4b383cdc32799641b07e92320de58073be4c6175d2f1fb090b15896cdc84bcf
01 TEMAS/COMUN/T02_sistema_sanitario_mapa_sanitario_y_servicio_murciano_de_salud/T02_tema_completo.pdf,tema completo,comun:T02,pdf,16,not_applicable,not_applicable,not_applicable,00 FUENTES Y MATRIZ.md; verify official BORM/SMS,2026-08-13,needs_review,E-002 legal review,119214,124ee38e267d4415bdbb8ebc89c949ec9024952ea244cb5cfa57419e658f7220
01 TEMAS/COMUN/T02_sistema_sanitario_mapa_sanitario_y_servicio_murciano_de_salud/T02_test_50_preguntas.docx,test tematico,comun:T02,docx,11,50,yes,yes,00 FUENTES Y MATRIZ.md; verify official BORM/SMS,2026-08-13,needs_review,E-001 repeated stems; E-002 legal review,118100,a7ba1904e11dacfd37636d47074475a7a9563b564f410e97b3c1fa2edb5ef734
01 TEMAS/COMUN/T02_sistema_sanitario_mapa_sanitario_y_servicio_murciano_de_salud/T02_test_50_preguntas.pdf,test tematico,comun:T02,pdf,11,50,yes,yes,00 FUENTES Y MATRIZ.md; verify official BORM/SMS,2026-08-13,needs_review,E-001 repeated stems; E-002 legal review,113721,862434e008192a8b590ab5e9e0c4f8c9eff11cea7e157ead263af484d0259213
01 TEMAS/COMUN/T03_estatuto_marco_derechos_deberes_promocion_interna_y_disciplina/T03_resumen.docx,resumen,comun:T03,docx,7,not_applicable,not_applicable,not_applicable,00 FUENTES Y MATRIZ.md; verify official BORM/SMS,2026-08-13,needs_review,E-002 legal review,112999,f1253f12f4b4059f94691643c6bc4a5df00057f392ee87908eec8876239bd668
01 TEMAS/COMUN/T03_estatuto_marco_derechos_deberes_promocion_interna_y_disciplina/T03_resumen.pdf,resumen,comun:T03,pdf,7,not_applicable,not_applicable,not_applicable,00 FUENTES Y MATRIZ.md; verify official BORM/SMS,2026-08-13,needs_review,E-002 legal review,93586,7f4f7995c57ad6972722546b277c4b76ce2684a7d825b9caa939eb634e051ae9
01 TEMAS/COMUN/T03_estatuto_marco_derechos_deberes_promocion_interna_y_disciplina/T03_tema_completo.docx,tema completo,comun:T03,docx,16,not_applicable,not_applicable,not_applicable,00 FUENTES Y MATRIZ.md; verify official BORM/SMS,2026-08-13,needs_review,E-002 legal review,118348,9d87e10f21fe63f3b0e26137fb05cc1f3ab244c2da8fb6f23099c54c038a5ea2
01 TEMAS/COMUN/T03_estatuto_marco_derechos_deberes_promocion_interna_y_disciplina/T03_tema_completo.pdf,tema completo,comun:T03,pdf,16,not_applicable,not_applicable,not_applicable,00 FUENTES Y MATRIZ.md; verify official BORM/SMS,2026-08-13,needs_review,E-002 legal review,118670,a86a6296e9ccf738eafebaf00d3f0c44fe36d930accb900cc532c3edec8711db
01 TEMAS/COMUN/T03_estatuto_marco_derechos_deberes_promocion_interna_y_disciplina/T03_test_50_preguntas.docx,test tematico,comun:T03,docx,10,50,yes,yes,00 FUENTES Y MATRIZ.md; verify official BORM/SMS,2026-08-13,needs_review,E-001 repeated stems; E-002 legal review,118534,9b8b4846730d81f544543133f576e8e40d77d03bd83e025fab632e732af5dc36
01 TEMAS/COMUN/T03_estatuto_marco_derechos_deberes_promocion_interna_y_disciplina/T03_test_50_preguntas.pdf,test tematico,comun:T03,pdf,10,50,yes,yes,00 FUENTES Y MATRIZ.md; verify official BORM/SMS,2026-08-13,needs_review,E-001 repeated stems; E-002 legal review,112630,b9df040c5e986f50014c2cf05ceae9327bfa1015fcadb312f4bd6f2abe406d98
01 TEMAS/COMUN/T04_situaciones_administrativas_permisos_y_licencias/T04_resumen.docx,resumen,comun:T04,docx,7,not_applicable,not_applicable,not_applicable,00 FUENTES Y MATRIZ.md; verify official BORM/SMS,2026-08-13,needs_review,E-002 legal review,113169,2c73e3af7d858cf270d785c34bfd34f3ea782dce3ec17f8995309eb200a54c58
01 TEMAS/COMUN/T04_situaciones_administrativas_permisos_y_licencias/T04_resumen.pdf,resumen,comun:T04,pdf,7,not_applicable,not_applicable,not_applicable,00 FUENTES Y MATRIZ.md; verify official BORM/SMS,2026-08-13,needs_review,E-002 legal review,94086,83f894c9c6515b847f860c2e760ebba6fd344cfc5aa2e5a5da6e3a18fced0b4d
01 TEMAS/COMUN/T04_situaciones_administrativas_permisos_y_licencias/T04_tema_completo.docx,tema completo,comun:T04,docx,16,not_applicable,not_applicable,not_applicable,00 FUENTES Y MATRIZ.md; verify official BORM/SMS,2026-08-13,needs_review,E-002 legal review,118883,140ee818507f97e8186876fc15df1fed5875fd3d00a8b2156f1568f64d14287c
01 TEMAS/COMUN/T04_situaciones_administrativas_permisos_y_licencias/T04_tema_completo.pdf,tema completo,comun:T04,pdf,16,not_applicable,not_applicable,not_applicable,00 FUENTES Y MATRIZ.md; verify official BORM/SMS,2026-08-13,needs_review,E-002 legal review,119021,85a944e04bbe06da517ead47d7b2bde6c064f63ecd8e25c03e36015f14d85b02
01 TEMAS/COMUN/T04_situaciones_administrativas_permisos_y_licencias/T04_test_50_preguntas.docx,test tematico,comun:T04,docx,11,50,yes,yes,00 FUENTES Y MATRIZ.md; verify official BORM/SMS,2026-08-13,needs_review,E-001 repeated stems; E-002 legal review,118023,22f35fc2fc89b670f27fa82d1456ab079dd04779143cf7621ec775e3b1ac347c
01 TEMAS/COMUN/T04_situaciones_administrativas_permisos_y_licencias/T04_test_50_preguntas.pdf,test tematico,comun:T04,pdf,11,50,yes,yes,00 FUENTES Y MATRIZ.md; verify official BORM/SMS,2026-08-13,needs_review,E-001 repeated stems; E-002 legal review,114061,d73848516bec5a0f4579e942f16dc4338561b5f0051a5e589ca9f2c22643c6fd
01 TEMAS/COMUN/T05_relacion_electronica_sede_y_responsabilidad_administrativa/T05_resumen.docx,resumen,comun:T05,docx,7,not_applicable,not_applicable,not_applicable,00 FUENTES Y MATRIZ.md; verify official BORM/SMS,2026-08-13,needs_review,E-002 legal review,112992,d9513a33f09bf2d1ec31cb1e01170b763b9e329f2e9cf4b222c3c1aeb3edc8ed
01 TEMAS/COMUN/T05_relacion_electronica_sede_y_responsabilidad_administrativa/T05_resumen.pdf,resumen,comun:T05,pdf,7,not_applicable,not_applicable,not_applicable,00 FUENTES Y MATRIZ.md; verify official BORM/SMS,2026-08-13,needs_review,E-002 legal review,94212,88bac3c04809ce1c0fe7d6d312187756f4be13ea2c4f777d4146e8855d6916a5
01 TEMAS/COMUN/T05_relacion_electronica_sede_y_responsabilidad_administrativa/T05_tema_completo.docx,tema completo,comun:T05,docx,16,not_applicable,not_applicable,not_applicable,00 FUENTES Y MATRIZ.md; verify official BORM/SMS,2026-08-13,needs_review,E-002 legal review,118439,f90025ce3db6f7d4be7e108ba1ffb8cb9a87fbcafb27c2f934de32fce33077ba
01 TEMAS/COMUN/T05_relacion_electronica_sede_y_responsabilidad_administrativa/T05_tema_completo.pdf,tema completo,comun:T05,pdf,16,not_applicable,not_applicable,not_applicable,00 FUENTES Y MATRIZ.md; verify official BORM/SMS,2026-08-13,needs_review,E-002 legal review,118990,f109e9bded701f0fcbdb62b6858a4765537fb043d1c9704e7d949994c41076c0
01 TEMAS/COMUN/T05_relacion_electronica_sede_y_responsabilidad_administrativa/T05_test_50_preguntas.docx,test tematico,comun:T05,docx,11,50,yes,yes,00 FUENTES Y MATRIZ.md; verify official BORM/SMS,2026-08-13,needs_review,E-001 repeated stems; E-002 legal review,118755,753864e688e771d86fd17f93824e9d6407a1c864bba5133b2f2bd4521fdc4a55
01 TEMAS/COMUN/T05_relacion_electronica_sede_y_responsabilidad_administrativa/T05_test_50_preguntas.pdf,test tematico,comun:T05,pdf,11,50,yes,yes,00 FUENTES Y MATRIZ.md; verify official BORM/SMS,2026-08-13,needs_review,E-001 repeated stems; E-002 legal review,114054,a1435a3b5aee6bf936b79db075d0e4cd0adde780e5201b3f1427008b6136f330
01 TEMAS/COMUN/T06_prevencion_de_riesgos_incendios_y_evacuacion/T06_resumen.docx,resumen,comun:T06,docx,7,not_applicable,not_applicable,not_applicable,00 FUENTES Y MATRIZ.md; verify official BORM/SMS,2026-08-13,needs_review,E-002 legal review,113129,521c85197731c2a5c01020d11b11357cd906dcbce912d63ed22a442b4b3fe7c2
01 TEMAS/COMUN/T06_prevencion_de_riesgos_incendios_y_evacuacion/T06_resumen.pdf,resumen,comun:T06,pdf,7,not_applicable,not_applicable,not_applicable,00 FUENTES Y MATRIZ.md; verify official BORM/SMS,2026-08-13,needs_review,E-002 legal review,94207,030d202fc463bdba99e2c23226958ef7ef5ca46a9b39c67d17874846102f2905
01 TEMAS/COMUN/T06_prevencion_de_riesgos_incendios_y_evacuacion/T06_tema_completo.docx,tema completo,comun:T06,docx,16,not_applicable,not_applicable,not_applicable,00 FUENTES Y MATRIZ.md; verify official BORM/SMS,2026-08-13,needs_review,E-002 legal review,118629,e6a445e372250f2fcc0b9aa269f73bc7172ad2c5d86b86a116b86d16f4fdc023
01 TEMAS/COMUN/T06_prevencion_de_riesgos_incendios_y_evacuacion/T06_tema_completo.pdf,tema completo,comun:T06,pdf,16,not_applicable,not_applicable,not_applicable,00 FUENTES Y MATRIZ.md; verify official BORM/SMS,2026-08-13,needs_review,E-002 legal review,118913,17e31b9005424a3605663c8e8d9f8b2d6321ff85715613c95fee4ed9f7fa8de7
01 TEMAS/COMUN/T06_prevencion_de_riesgos_incendios_y_evacuacion/T06_test_50_preguntas.docx,test tematico,comun:T06,docx,10,50,yes,yes,00 FUENTES Y MATRIZ.md; verify official BORM/SMS,2026-08-13,needs_review,E-001 repeated stems; E-002 legal review,118124,920617435a06bc6928f7be754b7ed984f154af68b136f87d362d5e3d4ffa5e27
01 TEMAS/COMUN/T06_prevencion_de_riesgos_incendios_y_evacuacion/T06_test_50_preguntas.pdf,test tematico,comun:T06,pdf,10,50,yes,yes,00 FUENTES Y MATRIZ.md; verify official BORM/SMS,2026-08-13,needs_review,E-001 repeated stems; E-002 legal review,113139,2d960080f1b27a164e1e23d26e9897869648c35620c57117b1827076dba3afad
01 TEMAS/COMUN/T07_igualdad_discriminacion_planes_y_acoso_por_razon_de_sexo/T07_resumen.docx,resumen,comun:T07,docx,7,not_applicable,not_applicable,not_applicable,00 FUENTES Y MATRIZ.md; verify official BORM/SMS,2026-08-13,needs_review,E-002 legal review,113051,2dd73436e5e4e8cad384c8cf25ba4f1a439b7189c1d9f839278b28ffaa5c9b8b
01 TEMAS/COMUN/T07_igualdad_discriminacion_planes_y_acoso_por_razon_de_sexo/T07_resumen.pdf,resumen,comun:T07,pdf,7,not_applicable,not_applicable,not_applicable,00 FUENTES Y MATRIZ.md; verify official BORM/SMS,2026-08-13,needs_review,E-002 legal review,93803,603160bb77c4d0a2f4306c67d84e1b2e23a3a5b783243967ea3700a6a45e0c79
01 TEMAS/COMUN/T07_igualdad_discriminacion_planes_y_acoso_por_razon_de_sexo/T07_tema_completo.docx,tema completo,comun:T07,docx,16,not_applicable,not_applicable,not_applicable,00 FUENTES Y MATRIZ.md; verify official BORM/SMS,2026-08-13,needs_review,E-002 legal review,118732,6871b805b402ee4db0e0fe2435026cc2f19b653f6f4e24dd100f77040f337389
01 TEMAS/COMUN/T07_igualdad_discriminacion_planes_y_acoso_por_razon_de_sexo/T07_tema_completo.pdf,tema completo,comun:T07,pdf,16,not_applicable,not_applicable,not_applicable,00 FUENTES Y MATRIZ.md; verify official BORM/SMS,2026-08-13,needs_review,E-002 legal review,118805,4876da13a31ac4bbcc165b4a9f8efe275f2844a3548ffd9052f099cea5375692
01 TEMAS/COMUN/T07_igualdad_discriminacion_planes_y_acoso_por_razon_de_sexo/T07_test_50_preguntas.docx,test tematico,comun:T07,docx,11,50,yes,yes,00 FUENTES Y MATRIZ.md; verify official BORM/SMS,2026-08-13,needs_review,E-001 repeated stems; E-002 legal review,118354,45d176572a76f277a3fd9681d03810d025df219cc971b855eb61bd888a6a3b18
01 TEMAS/COMUN/T07_igualdad_discriminacion_planes_y_acoso_por_razon_de_sexo/T07_test_50_preguntas.pdf,test tematico,comun:T07,pdf,11,50,yes,yes,00 FUENTES Y MATRIZ.md; verify official BORM/SMS,2026-08-13,needs_review,E-001 repeated stems; E-002 legal review,113736,1d66f5de0b3f3a3732f1401904b067ab9a2b7b72f309a8fd9c43747d9b4bef63
01 TEMAS/ESPECIFICA/T01_autonomia_del_paciente_y_proteccion_de_datos/T01_resumen.docx,metadatos y fuentes,fuentes y auditoria,docx,7,not_applicable,not_applicable,not_applicable,00 FUENTES Y MATRIZ.md; verify official BORM/SMS,2026-08-13,internal,not educational content,113157,b383168ef059b56b94e7cb269ac5d899131dad1aca0c0ae9501cb60adf1989b1
01 TEMAS/ESPECIFICA/T01_autonomia_del_paciente_y_proteccion_de_datos/T01_resumen.pdf,metadatos y fuentes,fuentes y auditoria,pdf,7,not_applicable,not_applicable,not_applicable,00 FUENTES Y MATRIZ.md; verify official BORM/SMS,2026-08-13,internal,not educational content,94447,c06a0aa21f76853c8f57756fbc9051e7562a4f4f74f8e71ea1d81a8b0a64d8b8
01 TEMAS/ESPECIFICA/T01_autonomia_del_paciente_y_proteccion_de_datos/T01_tema_completo.docx,metadatos y fuentes,fuentes y auditoria,docx,16,not_applicable,not_applicable,not_applicable,00 FUENTES Y MATRIZ.md; verify official BORM/SMS,2026-08-13,internal,not educational content,119090,de50132f92596e1b674aaf8a4b08da24fb9d0429f1066054a010188feaa27256
01 TEMAS/ESPECIFICA/T01_autonomia_del_paciente_y_proteccion_de_datos/T01_tema_completo.pdf,metadatos y fuentes,fuentes y auditoria,pdf,16,not_applicable,not_applicable,not_applicable,00 FUENTES Y MATRIZ.md; verify official BORM/SMS,2026-08-13,internal,not educational content,119915,8621c0ae44046419244de8e191e6b2d93a5c0ea4664ea5a08369a9270d316684
01 TEMAS/ESPECIFICA/T01_autonomia_del_paciente_y_proteccion_de_datos/T01_test_50_preguntas.docx,metadatos y fuentes,fuentes y auditoria,docx,11,not_applicable,not_applicable,not_applicable,00 FUENTES Y MATRIZ.md; verify official BORM/SMS,2026-08-13,internal,not educational content,118784,801375c8f0d4a55838f0a6c5a17147ad1ad5cba10391d396f1b7e7c029be3607
01 TEMAS/ESPECIFICA/T01_autonomia_del_paciente_y_proteccion_de_datos/T01_test_50_preguntas.pdf,metadatos y fuentes,fuentes y auditoria,pdf,11,not_applicable,not_applicable,not_applicable,00 FUENTES Y MATRIZ.md; verify official BORM/SMS,2026-08-13,internal,not educational content,114627,02fec724a2ba0a07cf98f55945bae0cb357dd6bef80ebac1303d09bf57237e5f
01 TEMAS/ESPECIFICA/T02_puestos_hospitalarios_urgencias_anatomia_mortuorio_y_aislamiento/T02_resumen.docx,metadatos y fuentes,fuentes y auditoria,docx,7,not_applicable,not_applicable,not_applicable,00 FUENTES Y MATRIZ.md; verify official BORM/SMS,2026-08-13,internal,not educational content,113152,bf84f4aa9b8742b933bb4d23761a9147be2becc9e4ddd49e1bbf034edbf39161
01 TEMAS/ESPECIFICA/T02_puestos_hospitalarios_urgencias_anatomia_mortuorio_y_aislamiento/T02_resumen.pdf,metadatos y fuentes,fuentes y auditoria,pdf,7,not_applicable,not_applicable,not_applicable,00 FUENTES Y MATRIZ.md; verify official BORM/SMS,2026-08-13,internal,not educational content,94299,8db9d0a74bc2152e8a7f2aa3082967e7de737518b54f80a1ae97e70306f93216
01 TEMAS/ESPECIFICA/T02_puestos_hospitalarios_urgencias_anatomia_mortuorio_y_aislamiento/T02_tema_completo.docx,metadatos y fuentes,fuentes y auditoria,docx,16,not_applicable,not_applicable,not_applicable,00 FUENTES Y MATRIZ.md; verify official BORM/SMS,2026-08-13,internal,not educational content,118636,27a521c8fd0f2fe28884ac162273d78a033c07417d1a31e0cc26b4f978a9f39a
01 TEMAS/ESPECIFICA/T02_puestos_hospitalarios_urgencias_anatomia_mortuorio_y_aislamiento/T02_tema_completo.pdf,metadatos y fuentes,fuentes y auditoria,pdf,16,not_applicable,not_applicable,not_applicable,00 FUENTES Y MATRIZ.md; verify official BORM/SMS,2026-08-13,internal,not educational content,119316,ce2d34ea93147517c621d2a34cfaf426d389f772a8ace880b86cad75f1e5f4dc
01 TEMAS/ESPECIFICA/T02_puestos_hospitalarios_urgencias_anatomia_mortuorio_y_aislamiento/T02_test_50_preguntas.docx,metadatos y fuentes,fuentes y auditoria,docx,11,not_applicable,not_applicable,not_applicable,00 FUENTES Y MATRIZ.md; verify official BORM/SMS,2026-08-13,internal,not educational content,118605,f9348e194fdcaa6e041169ca8ebd819146b3d48830b28e0259a847785af0ba2e
01 TEMAS/ESPECIFICA/T02_puestos_hospitalarios_urgencias_anatomia_mortuorio_y_aislamiento/T02_test_50_preguntas.pdf,metadatos y fuentes,fuentes y auditoria,pdf,11,not_applicable,not_applicable,not_applicable,00 FUENTES Y MATRIZ.md; verify official BORM/SMS,2026-08-13,internal,not educational content,114588,0d9bcc4701eb6bf74a554f185185380b01d46776722ae59c42309d23f1c29bbf
01 TEMAS/ESPECIFICA/T03_rehabilitacion_consultas_externas_y_atencion_primaria/T03_resumen.docx,metadatos y fuentes,fuentes y auditoria,docx,7,not_applicable,not_applicable,not_applicable,00 FUENTES Y MATRIZ.md; verify official BORM/SMS,2026-08-13,internal,not educational content,112927,51384102696b2d431a0827bec8cf9a186df1f585a629d3842cbfc7d81ae92406
01 TEMAS/ESPECIFICA/T03_rehabilitacion_consultas_externas_y_atencion_primaria/T03_resumen.pdf,metadatos y fuentes,fuentes y auditoria,pdf,7,not_applicable,not_applicable,not_applicable,00 FUENTES Y MATRIZ.md; verify official BORM/SMS,2026-08-13,internal,not educational content,93540,d282694475e5a078e1cfb2519f1bd51ae8269bedcc5fba9cf657090553338021
01 TEMAS/ESPECIFICA/T03_rehabilitacion_consultas_externas_y_atencion_primaria/T03_tema_completo.docx,metadatos y fuentes,fuentes y auditoria,docx,16,not_applicable,not_applicable,not_applicable,00 FUENTES Y MATRIZ.md; verify official BORM/SMS,2026-08-13,internal,not educational content,118396,06fcd789851464ac0e34e861bc3bbe78d7390a0fc1537e456ac635160157f0db
01 TEMAS/ESPECIFICA/T03_rehabilitacion_consultas_externas_y_atencion_primaria/T03_tema_completo.pdf,metadatos y fuentes,fuentes y auditoria,pdf,16,not_applicable,not_applicable,not_applicable,00 FUENTES Y MATRIZ.md; verify official BORM/SMS,2026-08-13,internal,not educational content,118356,f06065cb09d7ce1f1fd6ba3e221ebc50fbef4128ae073543ec299e07abbec784
01 TEMAS/ESPECIFICA/T03_rehabilitacion_consultas_externas_y_atencion_primaria/T03_test_50_preguntas.docx,metadatos y fuentes,fuentes y auditoria,docx,10,not_applicable,not_applicable,not_applicable,00 FUENTES Y MATRIZ.md; verify official BORM/SMS,2026-08-13,internal,not educational content,117881,09e99f4c615fb942d4445dda24c3698da79ef714d93e51277d6d14a04565d2e7
01 TEMAS/ESPECIFICA/T03_rehabilitacion_consultas_externas_y_atencion_primaria/T03_test_50_preguntas.pdf,metadatos y fuentes,fuentes y auditoria,pdf,10,not_applicable,not_applicable,not_applicable,00 FUENTES Y MATRIZ.md; verify official BORM/SMS,2026-08-13,internal,not educational content,112011,02e5d368cc36ce3d4e4c30eaf236522e51a6b14703c2dbe2086f9b18ba410d8a
01 TEMAS/ESPECIFICA/T04_almacen_farmacia_y_distribucion_de_pedidos/T04_resumen.docx,metadatos y fuentes,fuentes y auditoria,docx,7,not_applicable,not_applicable,not_applicable,00 FUENTES Y MATRIZ.md; verify official BORM/SMS,2026-08-13,internal,not educational content,112837,9e3ba07f070ace846aa8c4b3e55eb940c1adce38d76268ef86d0a7df48481365
01 TEMAS/ESPECIFICA/T04_almacen_farmacia_y_distribucion_de_pedidos/T04_resumen.pdf,metadatos y fuentes,fuentes y auditoria,pdf,7,not_applicable,not_applicable,not_applicable,00 FUENTES Y MATRIZ.md; verify official BORM/SMS,2026-08-13,internal,not educational content,93460,c60cc10518c5c0607d1aba702d295701a24cf809c33a5574514bce6e0c68ad59
01 TEMAS/ESPECIFICA/T04_almacen_farmacia_y_distribucion_de_pedidos/T04_tema_completo.docx,metadatos y fuentes,fuentes y auditoria,docx,16,not_applicable,not_applicable,not_applicable,00 FUENTES Y MATRIZ.md; verify official BORM/SMS,2026-08-13,internal,not educational content,118130,d1dd27c97bfca04f1378d1d37f02a6183cec8a2594ace89893e973e2231686ed
01 TEMAS/ESPECIFICA/T04_almacen_farmacia_y_distribucion_de_pedidos/T04_tema_completo.pdf,metadatos y fuentes,fuentes y auditoria,pdf,16,not_applicable,not_applicable,not_applicable,00 FUENTES Y MATRIZ.md; verify official BORM/SMS,2026-08-13,internal,not educational content,118034,2e32501b949e1755c07bd3d47aa1e526355c0bafb97604505efac485828a1ccc
01 TEMAS/ESPECIFICA/T04_almacen_farmacia_y_distribucion_de_pedidos/T04_test_50_preguntas.docx,metadatos y fuentes,fuentes y auditoria,docx,10,not_applicable,not_applicable,not_applicable,00 FUENTES Y MATRIZ.md; verify official BORM/SMS,2026-08-13,internal,not educational content,117556,78f31019a626cb5e55a9e40cff39b6c93854031054d90daddda0fc6beff7d290
01 TEMAS/ESPECIFICA/T04_almacen_farmacia_y_distribucion_de_pedidos/T04_test_50_preguntas.pdf,metadatos y fuentes,fuentes y auditoria,pdf,10,not_applicable,not_applicable,not_applicable,00 FUENTES Y MATRIZ.md; verify official BORM/SMS,2026-08-13,internal,not educational content,111501,334b8a5ad42ff00c57f2013c824793a7cd10a52a09ee6bd148c5dca47e165775
01 TEMAS/ESPECIFICA/T05_posiciones_movilizacion_y_traslados/T05_resumen.docx,metadatos y fuentes,fuentes y auditoria,docx,7,not_applicable,not_applicable,not_applicable,00 FUENTES Y MATRIZ.md; verify official BORM/SMS,2026-08-13,internal,not educational content,112944,6817ad135e76e98a7c97fee18d978f79637bd61d937344b38635921bd8441171
01 TEMAS/ESPECIFICA/T05_posiciones_movilizacion_y_traslados/T05_resumen.pdf,metadatos y fuentes,fuentes y auditoria,pdf,7,not_applicable,not_applicable,not_applicable,00 FUENTES Y MATRIZ.md; verify official BORM/SMS,2026-08-13,internal,not educational content,93736,a8de3c524be71ff60f624ecf499d88d2ed26ae86a203ae7d0b710cd0f990efcc
01 TEMAS/ESPECIFICA/T05_posiciones_movilizacion_y_traslados/T05_tema_completo.docx,metadatos y fuentes,fuentes y auditoria,docx,16,not_applicable,not_applicable,not_applicable,00 FUENTES Y MATRIZ.md; verify official BORM/SMS,2026-08-13,internal,not educational content,118131,72453e6692d83ef8e88899471e0f497fc94a51b3921037171d58613181c950d5
01 TEMAS/ESPECIFICA/T05_posiciones_movilizacion_y_traslados/T05_tema_completo.pdf,metadatos y fuentes,fuentes y auditoria,pdf,16,not_applicable,not_applicable,not_applicable,00 FUENTES Y MATRIZ.md; verify official BORM/SMS,2026-08-13,internal,not educational content,117996,becd06ae1babfca0c8c3abf7b2fd4587e011d7b0f2eb179d8eff397ad0df5b6e
01 TEMAS/ESPECIFICA/T05_posiciones_movilizacion_y_traslados/T05_test_50_preguntas.docx,metadatos y fuentes,fuentes y auditoria,docx,10,not_applicable,not_applicable,not_applicable,00 FUENTES Y MATRIZ.md; verify official BORM/SMS,2026-08-13,internal,not educational content,117341,4d3f13ba1548beaf17936ccf890d4f59ebb08dffed07f1e1d2925e1d286bc1a4
01 TEMAS/ESPECIFICA/T05_posiciones_movilizacion_y_traslados/T05_test_50_preguntas.pdf,metadatos y fuentes,fuentes y auditoria,pdf,10,not_applicable,not_applicable,not_applicable,00 FUENTES Y MATRIZ.md; verify official BORM/SMS,2026-08-13,internal,not educational content,110742,a2f44c084df9f7df44e0d26ad3dd55ded2a00ed908f104b989203940019d0cb1
01 TEMAS/ESPECIFICA/T06_reprografia_envios_y_servicios_postales/T06_resumen.docx,metadatos y fuentes,fuentes y auditoria,docx,7,not_applicable,not_applicable,not_applicable,00 FUENTES Y MATRIZ.md; verify official BORM/SMS,2026-08-13,internal,not educational content,112965,827e65bf60d908f23b26c258ff82585d818525593ed069c95b89ecda94db3d20
01 TEMAS/ESPECIFICA/T06_reprografia_envios_y_servicios_postales/T06_resumen.pdf,metadatos y fuentes,fuentes y auditoria,pdf,7,not_applicable,not_applicable,not_applicable,00 FUENTES Y MATRIZ.md; verify official BORM/SMS,2026-08-13,internal,not educational content,93501,4a204dbb98f9ee6a72daa7db744490868993007a2b24a3dc80653a46062e2c3f
01 TEMAS/ESPECIFICA/T06_reprografia_envios_y_servicios_postales/T06_tema_completo.docx,metadatos y fuentes,fuentes y auditoria,docx,16,not_applicable,not_applicable,not_applicable,00 FUENTES Y MATRIZ.md; verify official BORM/SMS,2026-08-13,internal,not educational content,118155,f02fa555e9d313f5af7a4fef9962fc44f93b7371575689a20a5333a3efaaa649
01 TEMAS/ESPECIFICA/T06_reprografia_envios_y_servicios_postales/T06_tema_completo.pdf,metadatos y fuentes,fuentes y auditoria,pdf,16,not_applicable,not_applicable,not_applicable,00 FUENTES Y MATRIZ.md; verify official BORM/SMS,2026-08-13,internal,not educational content,118119,2c3a7c897549cab2a5380dbdc82660b3f3cdae2a65738d335dc9d9552b70ac30
01 TEMAS/ESPECIFICA/T06_reprografia_envios_y_servicios_postales/T06_test_50_preguntas.docx,metadatos y fuentes,fuentes y auditoria,docx,10,not_applicable,not_applicable,not_applicable,00 FUENTES Y MATRIZ.md; verify official BORM/SMS,2026-08-13,internal,not educational content,117601,7598ce4c24e91a3bcc40e869338d237338076f12b6e71c9c42820d29fc24d3ca
01 TEMAS/ESPECIFICA/T06_reprografia_envios_y_servicios_postales/T06_test_50_preguntas.pdf,metadatos y fuentes,fuentes y auditoria,pdf,10,not_applicable,not_applicable,not_applicable,00 FUENTES Y MATRIZ.md; verify official BORM/SMS,2026-08-13,internal,not educational content,111675,ad3488baccf0596df6b3b6be48a3fbdd3f188f89403cc67acf129a238afc6960
01 TEMAS/ESPECIFICA/T07_informatica_basica_almacenamiento_y_windows/T07_resumen.docx,metadatos y fuentes,fuentes y auditoria,docx,7,not_applicable,not_applicable,not_applicable,00 FUENTES Y MATRIZ.md; verify official BORM/SMS,2026-08-13,internal,not educational content,112882,3e03460b8bf64bff6ea05cdb799bc4d47ee43815ae5a27b9ff7aee468b451802
01 TEMAS/ESPECIFICA/T07_informatica_basica_almacenamiento_y_windows/T07_resumen.pdf,metadatos y fuentes,fuentes y auditoria,pdf,7,not_applicable,not_applicable,not_applicable,00 FUENTES Y MATRIZ.md; verify official BORM/SMS,2026-08-13,internal,not educational content,93399,2aa8c570c5ce0978716c87b96beee6f4731bc43b188ad2dc504996852429eb5a
01 TEMAS/ESPECIFICA/T07_informatica_basica_almacenamiento_y_windows/T07_tema_completo.docx,metadatos y fuentes,fuentes y auditoria,docx,16,not_applicable,not_applicable,not_applicable,00 FUENTES Y MATRIZ.md; verify official BORM/SMS,2026-08-13,internal,not educational content,118457,60966cf17ae0a0e990352d13de0c0fcc5c0e15c6345e7f80af2485e7862cd21d
01 TEMAS/ESPECIFICA/T07_informatica_basica_almacenamiento_y_windows/T07_tema_completo.pdf,metadatos y fuentes,fuentes y auditoria,pdf,16,not_applicable,not_applicable,not_applicable,00 FUENTES Y MATRIZ.md; verify official BORM/SMS,2026-08-13,internal,not educational content,117640,1a3c769f9c4662c7e043ebe4ff74f7fa65d23bd15129e46df40bd5b1e8a9f5f1
01 TEMAS/ESPECIFICA/T07_informatica_basica_almacenamiento_y_windows/T07_test_50_preguntas.docx,metadatos y fuentes,fuentes y auditoria,docx,10,not_applicable,not_applicable,not_applicable,00 FUENTES Y MATRIZ.md; verify official BORM/SMS,2026-08-13,internal,not educational content,117207,1da420d02246b94c1b7780d87739771baaf1b774cd361c1ac8bdb4da9f7518d4
01 TEMAS/ESPECIFICA/T07_informatica_basica_almacenamiento_y_windows/T07_test_50_preguntas.pdf,metadatos y fuentes,fuentes y auditoria,pdf,10,not_applicable,not_applicable,not_applicable,00 FUENTES Y MATRIZ.md; verify official BORM/SMS,2026-08-13,internal,not educational content,110167,b50b2e17700d050f08693e5e7833caa3e3dff2261f7aab2e1f7059f043c9137e
02 SIMULACROS/SIMULACRO_01_CELADOR_SMS_MURCIA.docx,simulacro propio,simulacros,docx,15,75,yes,yes,00 FUENTES Y MATRIZ.md; verify official BORM/SMS,2026-08-13,needs_review,E-001 repeated stems; E-002 legal review,127404,4c17713e9f5fcdbff6c82faf3f10cd2821e76f37eef1d91e1baec65e908a061c
02 SIMULACROS/SIMULACRO_01_CELADOR_SMS_MURCIA.pdf,simulacro propio,simulacros,pdf,15,75,yes,yes,00 FUENTES Y MATRIZ.md; verify official BORM/SMS,2026-08-13,needs_review,E-001 repeated stems; E-002 legal review,129059,9efbf73e0672cae0216d669e5cfd71d748c99200fc3d1480ea6419204216a989
02 SIMULACROS/SIMULACRO_02_CELADOR_SMS_MURCIA.docx,simulacro propio,simulacros,docx,15,75,yes,yes,00 FUENTES Y MATRIZ.md; verify official BORM/SMS,2026-08-13,needs_review,E-001 repeated stems; E-002 legal review,127403,b5b28f8715c0ff141ffaaffacac1d45655822a34afb2ff0ff34a285623bb30ba
02 SIMULACROS/SIMULACRO_02_CELADOR_SMS_MURCIA.pdf,simulacro propio,simulacros,pdf,15,75,yes,yes,00 FUENTES Y MATRIZ.md; verify official BORM/SMS,2026-08-13,needs_review,E-001 repeated stems; E-002 legal review,128638,f1e85599f020c76b7248838130cdafa5280d57fd95a3729cfa3cd4c7d3727c5d
02 SIMULACROS/SIMULACRO_03_CELADOR_SMS_MURCIA.docx,simulacro propio,simulacros,docx,15,75,yes,yes,00 FUENTES Y MATRIZ.md; verify official BORM/SMS,2026-08-13,needs_review,E-001 repeated stems; E-002 legal review,127074,459453ada3ddb97c1d6e777e09ab088b2136ffb5c8484f601eeff0bb934bdc70
02 SIMULACROS/SIMULACRO_03_CELADOR_SMS_MURCIA.pdf,simulacro propio,simulacros,pdf,15,75,yes,yes,00 FUENTES Y MATRIZ.md; verify official BORM/SMS,2026-08-13,needs_review,E-001 repeated stems; E-002 legal review,128939,c90990e19a8177823a382421869271acb0e3b40eda1068afbcfa9ecb0115a388
02 SIMULACROS/SIMULACRO_04_CELADOR_SMS_MURCIA.docx,simulacro propio,simulacros,docx,15,75,yes,yes,00 FUENTES Y MATRIZ.md; verify official BORM/SMS,2026-08-13,needs_review,E-001 repeated stems; E-002 legal review,127170,1b2e752de89d59db224a6529c838f7629708c8df1310ffcd7de6fd22cb11a855
02 SIMULACROS/SIMULACRO_04_CELADOR_SMS_MURCIA.pdf,simulacro propio,simulacros,pdf,15,75,yes,yes,00 FUENTES Y MATRIZ.md; verify official BORM/SMS,2026-08-13,needs_review,E-001 repeated stems; E-002 legal review,128755,a1b6bb773bb1dee333f20a18e5a007f7ee68c2d139f74fe77949c2a4e31615a5
02 SIMULACROS/SIMULACRO_05_CELADOR_SMS_MURCIA.docx,simulacro propio,simulacros,docx,15,75,yes,yes,00 FUENTES Y MATRIZ.md; verify official BORM/SMS,2026-08-13,needs_review,E-001 repeated stems; E-002 legal review,126952,002588cf99c79ff055085fe69a4b5faa205d7aa260ba5f392a831872fb8e0f53
02 SIMULACROS/SIMULACRO_05_CELADOR_SMS_MURCIA.pdf,simulacro propio,simulacros,pdf,15,75,yes,yes,00 FUENTES Y MATRIZ.md; verify official BORM/SMS,2026-08-13,needs_review,E-001 repeated stems; E-002 legal review,128769,7959b4cc099493da667a4fbc54edaa9d79a34f775e2d1ac69cb9516a71f29c73
02 SIMULACROS/SIMULACRO_06_CELADOR_SMS_MURCIA.docx,simulacro propio,simulacros,docx,15,75,yes,yes,00 FUENTES Y MATRIZ.md; verify official BORM/SMS,2026-08-13,needs_review,E-001 repeated stems; E-002 legal review,126014,473bc8b4f675d94d97e99a3043f173511aa8a5d67fa5ed6c27681555bc66fc5a
02 SIMULACROS/SIMULACRO_06_CELADOR_SMS_MURCIA.pdf,simulacro propio,simulacros,pdf,15,75,yes,yes,00 FUENTES Y MATRIZ.md; verify official BORM/SMS,2026-08-13,needs_review,E-001 repeated stems; E-002 legal review,127918,776bca2be5be6023d747af06a2c0426d84623d987e7d5b1a8bace536d0eecf1d
02 SIMULACROS/SIMULACRO_07_CELADOR_SMS_MURCIA.docx,simulacro propio,simulacros,docx,15,75,yes,yes,00 FUENTES Y MATRIZ.md; verify official BORM/SMS,2026-08-13,needs_review,E-001 repeated stems; E-002 legal review,126193,3c1db6588e4af57663da105efc40fcae03c460687942f22f32fee1b1133c14ba
02 SIMULACROS/SIMULACRO_07_CELADOR_SMS_MURCIA.pdf,simulacro propio,simulacros,pdf,15,75,yes,yes,00 FUENTES Y MATRIZ.md; verify official BORM/SMS,2026-08-13,needs_review,E-001 repeated stems; E-002 legal review,127102,d5d24051a0845f0ae42f20a9ab12523473c2625666ed81a3321b9c87e5bdd2c8
02 SIMULACROS/SIMULACRO_08_CELADOR_SMS_MURCIA.docx,simulacro propio,simulacros,docx,15,75,yes,yes,00 FUENTES Y MATRIZ.md; verify official BORM/SMS,2026-08-13,needs_review,E-001 repeated stems; E-002 legal review,127354,87bd0e984862911b2133078862062c596efa4aca407d23517101814339a26051
02 SIMULACROS/SIMULACRO_08_CELADOR_SMS_MURCIA.pdf,simulacro propio,simulacros,pdf,15,75,yes,yes,00 FUENTES Y MATRIZ.md; verify official BORM/SMS,2026-08-13,needs_review,E-001 repeated stems; E-002 legal review,128629,5a0e7be188e0a4d521f57a5fd2fc9805cbe2b54ce0df1ef844092c18fdc63786
02 SIMULACROS/SIMULACRO_09_CELADOR_SMS_MURCIA.docx,simulacro propio,simulacros,docx,15,75,yes,yes,00 FUENTES Y MATRIZ.md; verify official BORM/SMS,2026-08-13,needs_review,E-001 repeated stems; E-002 legal review,127718,3323e3ce2c8de0ae2f3132bb3cda6308b4eccd97666fb74a95c17a8bb6659e38
02 SIMULACROS/SIMULACRO_09_CELADOR_SMS_MURCIA.pdf,simulacro propio,simulacros,pdf,15,75,yes,yes,00 FUENTES Y MATRIZ.md; verify official BORM/SMS,2026-08-13,needs_review,E-001 repeated stems; E-002 legal review,129283,583f1d6736462b14a70d5475ebee8adf9523c4aa6a32f522ba3b17d7ea28214e
02 SIMULACROS/SIMULACRO_10_CELADOR_SMS_MURCIA.docx,simulacro propio,simulacros,docx,15,75,yes,yes,00 FUENTES Y MATRIZ.md; verify official BORM/SMS,2026-08-13,needs_review,E-001 repeated stems; E-002 legal review,127145,1c622b6194f37fd89480fbd1a7b729212a5f1bf4786339c05e49d48d6cf2e1df
02 SIMULACROS/SIMULACRO_10_CELADOR_SMS_MURCIA.pdf,simulacro propio,simulacros,pdf,15,75,yes,yes,00 FUENTES Y MATRIZ.md; verify official BORM/SMS,2026-08-13,needs_review,E-001 repeated stems; E-002 legal review,128813,aa18b9baeab02374e3f994ec37ac3cb45fce8b93af72fb8eacc1544e7cec22b7
03 EXAMENES OFICIALES/2019_PROMOCION_INTERNA_MODELO_A/CORREGIDO/2019_PI_A_EXAMEN_OFICIAL_CORREGIDO.pdf,version corregida,examenes oficiales,pdf,15,not_applicable,not_applicable,not_applicable,00 FUENTES Y MATRIZ.md; verify official BORM/SMS,2026-08-13,publish_separately,identify provenance; verify changed law,1121272,2947a8b6fbdfbc5f370f096e5a193994c0b5f83956f19ac52035aaa2dfdf2d44
03 EXAMENES OFICIALES/2019_PROMOCION_INTERNA_MODELO_A/ORIGINALES SMS/2019_promocion_interna_modelo_A.pdf,examen oficial,examenes oficiales,pdf,12,not_applicable,not_applicable,not_applicable,00 FUENTES Y MATRIZ.md; verify official BORM/SMS,2026-08-13,publish_separately,identify year/turn; verify changed law,192718,b3119ddf9875079337a6e993971d1dbe21d2bfbf8860b98b25bc77217470ecb1
03 EXAMENES OFICIALES/2019_PROMOCION_INTERNA_MODELO_A/ORIGINALES SMS/2019_promocion_interna_modelo_A_plantilla.pdf,plantilla oficial,examenes oficiales,pdf,1,not_applicable,not_applicable,not_applicable,00 FUENTES Y MATRIZ.md; verify official BORM/SMS,2026-08-13,publish_separately,keep separate and identify year/turn,57837,7ae9f12adb4536b2c557f21107b9ecb5a244182732a788df9774e12d3e873c09
03 EXAMENES OFICIALES/2019_TURNO_LIBRE_MATERNIDAD/CORREGIDO/2019_MATERNIDAD_EXAMEN_OFICIAL_CORREGIDO.pdf,version corregida,examenes oficiales,pdf,14,not_applicable,not_applicable,not_applicable,00 FUENTES Y MATRIZ.md; verify official BORM/SMS,2026-08-13,publish_separately,identify provenance; verify changed law,1065695,41e1c6886bcfdf0e3df3e19cb165df6abc5395e4934c5ddcafd34c30b806264c
03 EXAMENES OFICIALES/2019_TURNO_LIBRE_MATERNIDAD/ORIGINALES SMS/2019_libre_maternidad.pdf,examen oficial,examenes oficiales,pdf,11,not_applicable,not_applicable,not_applicable,00 FUENTES Y MATRIZ.md; verify official BORM/SMS,2026-08-13,publish_separately,identify year/turn; verify changed law,145699,1ac1d3a8bd9fceee6b6d570b1385c4941b28db4908e21d01fefb87bbcacbcd7f
03 EXAMENES OFICIALES/2019_TURNO_LIBRE_MATERNIDAD/ORIGINALES SMS/2019_libre_maternidad_plantilla.pdf,plantilla oficial,examenes oficiales,pdf,1,not_applicable,not_applicable,not_applicable,00 FUENTES Y MATRIZ.md; verify official BORM/SMS,2026-08-13,publish_separately,keep separate and identify year/turn,70471,e0d86bf91d9a3596c15dd82cdbb1c8d81c8c2da8a69736d181ee5f5650c84005
03 EXAMENES OFICIALES/2019_TURNO_LIBRE_MODELO_A/CORREGIDO/2019_LIBRE_A_EXAMEN_OFICIAL_CORREGIDO.pdf,version corregida,examenes oficiales,pdf,14,not_applicable,not_applicable,not_applicable,00 FUENTES Y MATRIZ.md; verify official BORM/SMS,2026-08-13,publish_separately,identify provenance; verify changed law,1102412,f64127e987e0418afd99dff468df7b9215fab8dac2d1fdbc1383358d2267b7b4
03 EXAMENES OFICIALES/2019_TURNO_LIBRE_MODELO_A/ORIGINALES SMS/2019_libre_modelo_A.pdf,examen oficial,examenes oficiales,pdf,11,not_applicable,not_applicable,not_applicable,00 FUENTES Y MATRIZ.md; verify official BORM/SMS,2026-08-13,publish_separately,identify year/turn; verify changed law,190805,4f3a7789c9b605a42dfcacb050ba7c5ef878d6bb3fcbeccfd7089ba83fd66a27
03 EXAMENES OFICIALES/2019_TURNO_LIBRE_MODELO_A/ORIGINALES SMS/2019_libre_modelo_A_plantilla.pdf,plantilla oficial,examenes oficiales,pdf,1,not_applicable,not_applicable,not_applicable,00 FUENTES Y MATRIZ.md; verify official BORM/SMS,2026-08-13,publish_separately,keep separate and identify year/turn,57576,f596553ab16ca4acc4cc60ca2b2b276d3de25755d3e7d50262623065448e2a0e
03 EXAMENES OFICIALES/2023_PROMOCION_INTERNA_MODELO_A/CORREGIDO/2023_PI_A_EXAMEN_OFICIAL_CORREGIDO.pdf,version corregida,examenes oficiales,pdf,14,not_applicable,not_applicable,not_applicable,00 FUENTES Y MATRIZ.md; verify official BORM/SMS,2026-08-13,publish_separately,identify provenance; verify changed law,1068676,54dd62eae51c5e798d0bde192aef1a2330251cf7b2045d42508c536df16e25ca
03 EXAMENES OFICIALES/2023_PROMOCION_INTERNA_MODELO_A/ORIGINALES SMS/2023_promocion_interna_modelo_A.pdf,examen oficial,examenes oficiales,pdf,11,not_applicable,not_applicable,not_applicable,00 FUENTES Y MATRIZ.md; verify official BORM/SMS,2026-08-13,publish_separately,identify year/turn; verify changed law,244429,e55721aede270a5bc5339908ba63158c002ac7f9931f0b19a03e319e0374a1fd
03 EXAMENES OFICIALES/2023_PROMOCION_INTERNA_MODELO_A/ORIGINALES SMS/2023_promocion_interna_modelo_A_plantilla.pdf,plantilla oficial,examenes oficiales,pdf,1,not_applicable,not_applicable,not_applicable,00 FUENTES Y MATRIZ.md; verify official BORM/SMS,2026-08-13,publish_separately,keep separate and identify year/turn,153586,132ba8d8de2e5ce3b351dafee35af5b46b2ae05240bd0853d7e075156047485d
03 EXAMENES OFICIALES/2023_TURNO_LIBRE_MODELO_A/CORREGIDO/2023_LIBRE_A_EXAMEN_OFICIAL_CORREGIDO.pdf,version corregida,examenes oficiales,pdf,14,not_applicable,not_applicable,not_applicable,00 FUENTES Y MATRIZ.md; verify official BORM/SMS,2026-08-13,publish_separately,identify provenance; verify changed law,1065200,f11e0beb24595e076b8384c7e42fdcc8cb2e79c51e4abb41e756977f7def83d4
03 EXAMENES OFICIALES/2023_TURNO_LIBRE_MODELO_A/ORIGINALES SMS/2023_libre_modelo_A.pdf,examen oficial,examenes oficiales,pdf,11,not_applicable,not_applicable,not_applicable,00 FUENTES Y MATRIZ.md; verify official BORM/SMS,2026-08-13,publish_separately,identify year/turn; verify changed law,243577,bd70a4ccf02e5cf520c1f39e435a20dcd0023024423528b851a49b6782113675
03 EXAMENES OFICIALES/2023_TURNO_LIBRE_MODELO_A/ORIGINALES SMS/2023_libre_modelo_A_plantilla.pdf,plantilla oficial,examenes oficiales,pdf,1,not_applicable,not_applicable,not_applicable,00 FUENTES Y MATRIZ.md; verify official BORM/SMS,2026-08-13,publish_separately,keep separate and identify year/turn,152638,fe3d3cc2207da0db1fef8b62636a1fee69cc192911e5d45087f8f485288d718d
03 EXAMENES OFICIALES/2023_TURNO_LIBRE_MODELO_B/CORREGIDO/2023_LIBRE_B_EXAMEN_OFICIAL_CORREGIDO.pdf,version corregida,examenes oficiales,pdf,13,not_applicable,not_applicable,not_applicable,00 FUENTES Y MATRIZ.md; verify official BORM/SMS,2026-08-13,publish_separately,identify provenance; verify changed law,827778,3be72038a1cbfe116cdf421390a31115879219f8504f6c84715c4e35df3fcedb
03 EXAMENES OFICIALES/2023_TURNO_LIBRE_MODELO_B/ORIGINALES SMS/2023_libre_modelo_B.pdf,examen oficial,examenes oficiales,pdf,11,not_applicable,not_applicable,not_applicable,00 FUENTES Y MATRIZ.md; verify official BORM/SMS,2026-08-13,publish_separately,identify year/turn; verify changed law,243022,b63795fe1dff37f96e08e041d8ff7a91bc55d454f0ea93392c688866592d2c21
03 EXAMENES OFICIALES/2024_DISCAPACIDAD_INTELECTUAL/ORIGINALES SMS/2024_discapacidad_intelectual_modelo_A_plantilla.pdf,plantilla oficial,examenes oficiales,pdf,1,not_applicable,not_applicable,not_applicable,00 FUENTES Y MATRIZ.md; verify official BORM/SMS,2026-08-13,publish_separately,keep separate and identify year/turn,143585,58d123fab0707f80689a23e3fa3d48fa045780f499410bd301d45a5c3c712a57
03 EXAMENES OFICIALES/catalogo_examenes.json,examen oficial,examenes oficiales,json,not_found,not_applicable,not_applicable,not_applicable,00 FUENTES Y MATRIZ.md; verify official BORM/SMS,2026-08-13,publish_separately,identify year/turn; verify changed law,1726,b4f565a6e84d645974560f738b872ebbbdc383e02cf1711cab57417cd45c997a
03 EXAMENES OFICIALES/README.md,orientacion,examenes oficiales,md,not_found,not_applicable,not_applicable,not_applicable,00 FUENTES Y MATRIZ.md; verify official BORM/SMS,2026-08-13,internal,not educational content,738,944aab23adc3731a504b609fe81524a17781dc7c8100933a5a24ac18872f657c
04 AUDITORIA FINAL/auditoria_final.json,metadatos y fuentes,fuentes y auditoria,json,not_found,not_applicable,not_applicable,not_applicable,00 FUENTES Y MATRIZ.md; verify official BORM/SMS,2026-08-13,internal,not educational content,28738,dd5b96890831bd557671bb1cbae051a937bbb084f2dad1e67e08ee83bf009049
04 AUDITORIA FINAL/auditoria_final.md,metadatos y fuentes,fuentes y auditoria,md,not_found,not_applicable,not_applicable,not_applicable,00 FUENTES Y MATRIZ.md; verify official BORM/SMS,2026-08-13,internal,not educational content,164,68c089ecd8b2c5ea1d966b6f5018d73045a7da07076047650d34f66a67753ae8
04 AUDITORIA FINAL/auditoria_previa.json,metadatos y fuentes,fuentes y auditoria,json,not_found,not_applicable,not_applicable,not_applicable,00 FUENTES Y MATRIZ.md; verify official BORM/SMS,2026-08-13,internal,not educational content,32273,39f6570c1301b565d4137624603eb116c92c8e8157ff73c3f855a2cc4b3dd32a
04 AUDITORIA FINAL/verificacion_entrega.json,metadatos y fuentes,fuentes y auditoria,json,not_found,not_applicable,not_applicable,not_applicable,00 FUENTES Y MATRIZ.md; verify official BORM/SMS,2026-08-13,internal,not educational content,999,c689119c99b384c190ee7ac115c2a89c23707f4afdafa6f5f09483258b8ae24b
manifest.json,metadatos y fuentes,fuentes y auditoria,json,not_found,not_applicable,not_applicable,not_applicable,00 FUENTES Y MATRIZ.md; verify official BORM/SMS,2026-08-13,internal,not educational content,34120,6d0a546d5616093e96c4eb5dedd961490b8d961e6d70db643aba35cf98394baa
README.md,metadatos y fuentes,fuentes y auditoria,md,not_found,not_applicable,not_applicable,not_applicable,00 FUENTES Y MATRIZ.md; verify official BORM/SMS,2026-08-13,internal,not educational content,808,ba4610ac6ed9231ca2ace07889aafcc317bc08f994aeebba46497c8c788c8f64
